employee_type,name,ID,payRate,pretaxDeductions,YTDEarnings,YTDTaxesPaid
HOURLY,Luffy,s192,30.0,0.0,21102.2375,4852.7625
SALARY,Nami,s193,200000.0,1000.0,23430.604166666668,6861.0625
HOURLY,Light Yagami,x101,25.0,0.0,10773.5,2491.5
SALARY,Misa Amane,x102,150000.0,500.0,16818.260416666668,4910.90625
SALARY,Edward Elric,f103,100000.0,250.0,14214.859375,3274.390625
HOURLY,Alphonse Elric,f104,20.0,0.0,8000.0,1812.0
HOURLY,Eren Yeager,a105,35.0,0.0,6541.45,1517.55
SALARY,Mikasa Ackerman,a106,120000.0,300.0,13857.83125,3462.66875
SALARY,Spike Spiegel,c107,180000.0,400.0,15000.0,3500.0
